Garrett Lab ID,M/Z,Retention,Name,Formula,Molecular Weight,Adduct,Notes,
428p,75.0917,0.62,"1,3-DIAMINOPROPANE",C3H10N2,74.1249,,,
750p,76.0393,0.736,GLYCINE,C2H5NO2,75.0666,,,
2723790p,77.0168,0.908,THIOUREA,CH4N2S,76.12086,,,
1049p,80.04971,0.973,Pyridine,C5H5N,79.0422,,Shaddox Samples - Compound Discoverer,
1045p,89.1073,0.63,PUTRESCINE,C4H12N2,88.15148,,,
ISO-01p,90.05495,0.751,ALANINE/SARCOSINE,C3H7NO2,89.09318,,,
,90.05495,9,N-BOC-L-Alanine,C8H15NO4,,,Injection Standard,
612p,91.03953,0.84,L-(+)-Lactic Acid,C3H6O3,90.07794,,,
IntStd9p,93.06556,0.72,L-Alanine 13C3,*CH3*CH(NH2)*COOH,,,Cambridge Isotope Project,
8871p,96.0444,3.31,2-HYDROXYPYRIDINE,C5H5NO,95.0993,,,
1061p,98.98421,0.799,Orthophosphate,H3O4P,97.97689,,Shaddox Samples - Compound Discoverer,
535p,102.055,0.81,1-AMINOCYCLOPROPANE-1-CARBOXYLATE,C4H7NO2,101.10388,,,
75606p,104.0342,1.06,N-FORMYLGLYCINE,C3H5NO3,103.0767,,,
119p,104.0706,0.833,4-AMINOBUTANOATE (GABA),C4H9NO2,103.11976,,,
6119p,104.0706,0.87,2-AMINO-2-METHYLPROPANOATE,C4H9NO2,103.11976,,,
64956p,104.0706,0.944,3-AMINOISOBUTANOATE,C4H9NO2,103.11976,,,
305p,104.1069,0.86,Choline,C5H13NO,103.0997,,Duffy archeology samples - Compound Discoverer,
1128p,105.037,2.224,Tetrahydrothiophene-1-oxide,C4H8OS,104.02959,,Shaddox Samples - Compound Discoverer,
5951p,106.04987,0.722,L-SERINE,C3H7NO3,105.09258,,,
8113p,106.08626,0.748,DIETHANOLAMINE,C4H11NO2,105.135564,,,
8452p,107.0467,7.9,CYCLOPENTANONE,C5H8O,84.11642,M+Na,,
7504p,108.0808,5.21,BENZYLAMINE,C7H9N,107.15306,,,
107812p,110.02703,0.747,HYPOTAURINE,C2H7NO2S,109.14748,,,
5801p,110.06,1.88,2-AMINOPHENOL,C6H7NO,109.12588,,,
1088p,112.0369,0.75,SARCOSINE,C3H7NO2,89.09318,M+Na,,
12473p,112.0393,6.92,PYRROLE-2-CARBOXYLATE,C5H5NO2,111.0987,,,
66950p,112.05053,1.597,Isocytosine,C4H5N3O,111.0432,,Shaddox Samples - Compound Discoverer,
597p,112.05054,0.894,CYTOSINE,C4H5N3O,111.102,,,
774p,112.0869,0.66,HISTAMINE,C5H9N3,111.14506,,,
1174p,113.03455,1.492,URACIL,C4H4N2O2,112.08676,,,
588p,114.06619,0.944,CREATININE,C4H7N3O,113.11788,,,
753p,115.03656,0.827,GLYCEROL,C3H8O3,92.09382,M+Na,,
649p,115.0502,1.431,"5,6-DIHYDROURACIL",C4H6N2O2,114.10264,,,
145742p,116.0706,0.911,L-PROLINE,C5H9NO2,115.13046,,,
444266p,117.0182,2.32,MALEIC ACID,C4H4O4,116.07216,,,
134505p,118.0321,1,L-HOMOCYSTEINE THIOLACTONE,C4H7NOS,117.16948,,,
763p,118.0611,0.81,GUANIDINOACETATE,C3H7N3O2,117.10658,,,
ISO-02p/6287p,118.0863,1.18,L-VALINE/5-AMINOPENTANOATE/L-NORVALINE,C5H11NO2,117.14634,,,
247p,118.0863,0.86,BETAINE,C5H11NO2,117.14634,,,
227p,120.0449,8.62,Anthranilate,C7H7NO2,137.13598,[M+H-H2O],,
ISO-03p,120.06552,0.759,THREONINE/HOMOSERINE,C4H9NO3,119.11916,,,
SF1,120.08078,6.2,Phenylalanine-HCOOH,C8H10N,,,Source fragment,
1044p,121.05087,3.009,PURINE,C5H4N4,120.11206,,,
5862p,122.02703,0.71,L-CYSTEINE,C3H7NO2S,121.15818,,,
1001p,122.0964,6.71,PHENETHYLAMINE,C8H11N,121.17964,,,
126p,123.0441,7.94,4-HYDROXYBENZALDEHYDE,C7H6O2,122.12134,,,
936p,123.05529,1.795,NICOTINAMIDE,C6H6N2O,122.12464,,,
938p,124.0393,1.511,NICOTINATE,C6H5NO2,123.1094,,,
1018p,124.0393,1.41,PICOLINIC ACID,C6H5NO2,123.1094,,,
1123p,126.02194,0.747,TAURINE,C2H7NO3S,125.14688,,,
339p,126.0315,0.71,(2-AMINOETHYL)PHOSPHONATE,C2H8NO3P,125.063582,,,
65040p,126.0662,1.21,5-METHYLCYTOSINE HYDROCLORIDE,C5H7N3O,125.12858,,,
69520p,126.1026,0.68,3-METHYLHISTAMINE,C6H11N3,125.17164,,,
237332p,127.03875,0.746,5-Hydroxymethyl-2-furaldehyde,C6H6O3,126.03154,,Shaddox Samples - Compound Discoverer,
359p,127.03881,10.336,Phloroglucinol,C6H6O3,126.03156,,Shaddox Samples - Compound Discoverer,
1135p,127.0502,3.395,THYMINE,C5H6N2O2,126.11334,,,
96215p,127.0502,1.01,4-IMIDAZOLEACETIC ACID,C5H6N2O2,126.11334,,,
439194p,129.0158,0.89,D-GLYCERIC ACID,C3H6O4,106.07734,M+Na,,
20745p,129.12723,8.989,Sulcatol,C8H16O2,128.12012,,Duffy archeology samples - Compound Discoverer,
7405p,130.0499,1.94,5-OXO-L-PROLINE,C5H7NO3,129.11398,,,
7405p,130.04997,1.807,Pyroglutamic Acid,C5H7NO3,129.04259,,Shaddox Samples - Compound Discoverer,
7047p,130.0651,6.63,QUINOLINE,C9H7N,129.15858,,,
439227p,130.08626,1.3,PIPECOLATE/L-PIPECOLIC ACID,C6H11NO2,129.15704,,,
6575389p,130.08626,3.205,Nipecotic acid,C6H11NO2,129.07898,,Shaddox Samples - Compound Discoverer - GABA reuptake inhibitor,
122356p,131.1179,1.18,N-ACETYLPUTRESCINE,C6H14N2O,130.18816,,,
199p,131.1291,0.7,AGMATINE SULFATE,C5H14N4,130.19146,,,
137p,132.0655,0.87,5-AMINOLEVULINIC ACID,C5H9NO3,131.12986,,,
5810p,132.0655,0.77,4-HYDROXYPROLINE,C5H9NO3,131.12986,,,
586p,132.07675,0.941,CREATINE,C4H9N3O2,131.13316,,,
857p,132.1019,2.4,LEUCINE,C6H13NO2,131.17292,,,
21236p,132.1019,2.73,NORLEUCINE,C6H13NO2,131.17292,,,
,132.1019,10.9,N-BOC-L-tert-Leucine,C11H21NO4,,,Injection Standard,
6306p,132.10191,2.1,L-Isoleucine,C6H13NO2,131.17292,,,
5942p,132.1495,0.57,BIS(3-AMINOPROPYL)AMINE,C6H17N3,131.21928,,,
11756p,133.0495,6.01,ETHYLMALONIC ACID,C5H8O4,132.11462,,,
6267p,133.06077,0.739,L-ASPARAGINE,C4H8N2O3,132.11792,,,
111p,133.0608,1.3,3-UREIDOPROPIONATE,C4H8N2O3,132.11792,,,
637511p,133.0648,7.86,TRANS-CINNAMALDEHYDE,C9H8O,132.15922,,,
6262p,133.0972,0.66,ORNITHINE,C5H12N2O2,132.16098,,,
5960p,134.04478,0.742,ASPARTATE,C4H7NO4,133.10268,,,
,134.04478,8.6,N-BOC-L-Aspartic Acid,C9H15NO6,,,Injection Standard,
13624p,134.07114,7.299,2-Aminobenzimidazole,C7H7N3,133.06385,,Shaddox Samples - Compound Discoverer,
22833604p,135.0652,6.88,DEOXYRIBOSE,C5H10O4,134.1305,,,
IntStd4p,135.09613,0.89,Creatine-D3,C4H8D3N3O3,134.13316,,Cambridge Isotope Project,
778p,136.0427,0.96,HOMOCYSTEINE,C4H9NO2S,135.18476,,,
190p,136.06177,1.607,ADENINE,C5H5N5,135.1267,,,
2094p,137.04556,6.113,Allopurinol,C5H4N4O,136.03851,,Shaddox Samples - Compound Discoverer,
790p,137.04579,2.15,HYPOXANTHINE,C5H4N4O,136.11146,,,
64950p,137.07082,1.045,N-Methylnicotinamide,C7H8N2O,136.06366,,Duffy archeology samples - Compound Discoverer,
5280451p,138.0162,6.47,MALEAMATE,C4H5NO3,115.0874,M+Na,,
5570p,138.05482,0.95,Trigonelline,C7H7NO2,137.04768,,Duffy archeology samples - Compound Discoverer,
ISO-04p,138.055,8.01,ANTHRANILATE/4-AMINOBENZOATE,C7H7NO2,137.13598,,,
5147p,138.055,8.15,SALICYLAMIDE,C7H7NO2,137.13598,,,
1000p,138.0913,5.17,PHENYLETHANOLAMINE,C8H11NO,137.17904,,,
5610p,138.0913,4.45,TYRAMINE,C8H11NO,137.17904,,,
IntStd10p,138.12256,2.4,L-Leucine 13C6,(*CH3)2*CH*CH2*CH(NH2)*COOH,,,Cambridge Isotope Project,
135p,139.039,7.3,4-HYDROXYBENZOATE,C7H6O3,138.12074,,,
18496p,139.04962,1.007,2-Aminonicotinic acid,C6H6N2O2,138.04293,,Duffy archeology samples - Compound Discoverer,
736715p,139.0502,2.05,UROCANATE,C6H6N2O2,138.12404,,,
10393p,139.07576,13.991,Tyrosol,C8H10O2,138.06808,,Shaddox Samples - Compound Discoverer,
10972p,140.0318,1.29,N-ACETYLGLYCINE ,C4H7NO3,117.10328,M+Na,,
72924p,140.0342,4.27,6-HYDROXYNICOTINATE,C6H5NO3,139.1088,,,
487p,141.0158,2.71,METHYLMALONATE,C4H6O4,118.08804,M+Na,,
1110p,141.01583,2.387,SUCCINATE,C4H6O4,118.08804,M+Na,,
1015p,142.02637,0.736,ETHANOLAMINE PHOSPHATE,C2H8NO4P,141.062982,,,
1015p,142.0264,0.73,2-AMINOETHYL DIHYDROGEN PHOSPHATE,C2H8NO4P,141.062982,,,
99289p,142.0475,0.78,L-ALLOTHREONINE,C4H9NO3,119.11916,M+Na,,
165271p,142.0975,0.65,L-HISTIDINOL,C6H11N3O,141.17104,,,
IntStd3p,142.16521,2.45,L-Leucine-D10,C6H3D10NO2,141.234538,,,
8640p,144.0808,8.83,1-NAPHTHYLAMINE,C10H9N,143.18516,,,
115244p,144.10167,1.02,Stachydrine,C7H13NO2,143.09463,,Shaddox Samples - Compound Discoverer,
222285p,145.0471,0.8,ERYTHRITOL,C4H10O4,122.1198,M+Na,,
443135p,145.0624,7.6,(S)-1-PHENYLETHANOL,C8H10O,122.1644,M+Na,,
379p,145.1223,7.84,CAPRYLIC ACID,C8H16O2,144.21144,,,
500p,146.0924,1.66,4-GUANIDINOBUTANOATE,C5H11N3O2,145.15974,,,
725p,146.1176,1.47,DEOXYCARNITINE,C7H15NO2,145.1995,,,
1102p,146.1652,0.57,SPERMIDINE,C7H19N3,145.24586,,,
51p,147.02937,1.23,a-Ketoglutaric Acid,C5H6O5,146.09814,,,
ISO-05p,147.0652,6.51,ADIPIC ACID/3-METHYGLUTARIC ACID,C6H10O4,146.1412,,,
73917p,147.0652,7.01,MONO-METHYL GLUTARATE,C6H10O4,146.1412,,,
5961p,147.07642,0.759,L-GLUTAMINE,C5H10N2O3,146.1445,,,
675p,147.0917,7.53,DIMETHYLBENZIMIDAZOLE,C9H10N2,146.1891,,,
5962p,147.1128,0.66,L-LYSINE,C6H14N2O2,146.18756,,,
22880p,148.0604,0.8,N-METHYL-D-ASPARTIC ACID,C5H9NO4,147.12926,,,
99478p,148.0604,0.88,O-ACETYL-L-SERINE,C5H9NO4,147.12926,,,
352294p,148.0604,1.15,N-ACETYL-DL-SERINE,C5H9NO4,147.12926,,,
33032p,148.06043,0.786,L-GLUTAMIC ACID,C5H9NO4,147.12926,,,
150923p,148.0757,8.83,3-METHYL-2-OXINDOLE,C9H9NO,147.17386,,,
444539p,149.0597,9.89,TRANS-CINNAMATE,C9H8O2,148.15862,,,
6137p,150.05833,1.506,L-METHIONINE,C5H11NO2S,149.21134,,,
1673p,150.0774,2.18,3-METHYLADENINE,C6H7N5,149.15328,,,
7618p,150.11229,0.782,Triethanolamine,C6H15NO3,149.10519,,Duffy archeology samples - Compound Discoverer,
11897p,151.07521,8.563,"3,4-Dimethylbenzoic acid",C9H10O2,150.06808,,Duffy archeology samples - Compound Discoverer,
17520p,152.0164,10,"1,2-Benzisothiazolin-3-one",C7H5NOS,151.00918,,,
764p,152.05669,1.583,GUANINE,C5H5N5O,151.1261,,,
3866p,152.07045,7.841,2-Phenylglycine,C8H9NO2,151.06309,,Shaddox Samples - Compound Discoverer,
1983p,152.0711,7,Acetaminophen/Paracetamol,C8H9NO2,151.16256,,,
26934p,152.10683,6.517,Norephedrine,C9H13NO,151.09971,,Shaddox Samples - Compound Discoverer,
439368p,153.0522,7.88,PANTOLACTONE,C6H10O3,130.1418,M+Na,,
5055p,153.05444,8.232,Resorcinol monoacetate,C8H8O3,152.04715,,Shaddox Samples - Compound Discoverer,
6990p,153.0546,9.25,"2',4'-DIHYDROXYACETOPHENONE",C8H8O3,152.14732,,,
11914p,153.0546,7.88,2-HYDROXYPHENYLACETIC ACID,C8H8O3,152.14732,,,
127p,153.05519,9.37,4-Hydroxyphenylacetic acid,C8H8O3,152.14732,,,
2537p,153.12721,9.895,Camphor,C10H16O,152.1199,,Shaddox Samples - Compound Discoverer,
442495p,153.1273,6.599,Pulegone,C10H16O,152.11991,,Duffy archeology samples - Compound Discoverer,
1549098p,154.0169,0.78,3-SULFINO-L-ALANINE,C3H7NO4S,153.15698,,,
88064p,154.0475,2.34,N-ACETYL-L-ALANINE,C5H9NO3,131.12986,M+Na,,
86p,154.0499,6.35,3-HYDROXYANTHRANILATE,C7H7NO3,153.13538,,,
65083p,154.0499,1.72,3-AMINO-4-HYDROXYBENZOIC ACID,C7H7NO3,153.13538,,,
127115p,154.0499,2.03,3-AMINO-5-HYDROXYBENZOIC ACID,C7H7NO3,153.13538,,,
681p,154.0863,2.86,DOPAMINE,C8H11NO2,153.17844,,,
743p,155.0315,4.81,GLUTARATE,C5H8O4,132.11462,M+Na,,
72p,155.0339,6.66,"3,4-DIHYDROXYBENZOATE",C7H6O4,154.12014,,,
6274p,156.0768,0.7,L-HISTIDINE,C6H9N3O2,155.15456,,,
92824p,157.01074,1.141,(R)-MALATE,C4H6O5,134.08744,M+Na,,
967p,157.0244,1.41,OROTIC ACID,C5H4N2O4,156.09626,,,
90301p,157.0244,2.45,"2,4-DIHYDROXYPYRIMIDINE-5-CARBOXYLIC ACID",C5H4N2O4,156.09626,,,
IntStd4p,157.07808,0.89,Creatine-D3,C4H8D3N3O3,134.13316,[M+Na],Cambridge Isotope Project,
6510p,157.08334,6.462,Dipropylene glycol,C6H14O3,134.09429,[M+Na],Duffy archeology samples - Compound Discoverer,
439216p,159.04003,1.2,(S)-DIHYDROOROTATE,C5H6N2O4,158.11214,,,
204p,159.0513,0.84,ALLANTOIN,C4H6N4O3,158.11544,,,
800p,160.0758,10.664,Indole-3-acetaldehyde,C10H9NO,159.18456,,ID by Haiyan Liu,
385p,161.0808,7.17,6-CARBOXYHEXANOATE,C7H12O4,160.16778,,,
1150p,161.1073,7.41,TRYPTAMINE,C10H12N2,160.21568,,,
54680871p,162.0551,8.067,Dihydroxyquinoine,C9H7NO2,161.15738,,ID by Haiyan Liu,
ISO-06p,162.0761,0.93,ALPHA-AMINOADIPATE/N-METHYL-L-GLUTAMATE,C6H11NO4,161.15584,,,
10685p,162.0913,9.1,INDOLE-3-ETHANOL,C10H11NO,161.20044,,,
10917p,162.1125,1.01,L-CARNITINE,C7H15NO3,161.1989,,,
1029p,163.1077,0.65,DL-5-HYDROXYLYSINE,C6H14N2O3,162.18696,,,
89594p,163.123,5.78,(S)-NICOTINE,C10H14N2,162.23156,,,
78168p,165.0271,1.46,5-HYDROXYMETHYLURACIL,C5H6N2O3,142.11274,M+Na,,
10250p,165.0407,3.65,"2,4-DIHYDROXYPTERIDINE",C6H4N4O2,164.12156,,,
637542p,165.0546,8.24,4-COUMARATE,C9H8O3,164.15802,,,
ISO-21p,165.09146,13.992,Eugenol/Isoeugenol,C10H12O2,164.08373,,Shaddox Samples - Compound Discoverer,
847p,166.05351,0.758,Methionine Sulfoxide,C5H11NO3S,165.04596,,Shaddox Samples - Compound Discoverer,
6140p,166.08626,6.2,Phenylalanine,C9H11NO2,165.18914,,,
,166.08626,11.49,BOC-D-Phenylalanine,C14H19NO4,,,Injection Standard,
1017p,167.03346,15.731,Phthalic acid,C8H6O4,166.02618,,Duffy archeology samples - Compound Discoverer,
5778p,167.0386,7.16,THIOPURINE S-METHYLETHER,C6H6N4S,166.20364,,,
873p,167.0703,8.6,3-(2-HYDROXYPHENYL)PROPANOATE,C9H10O3,166.1739,,,
91p,167.0703,6.107,3-(Hydroxyphenyl) Propionic Acid,C9H10O3,166.1739,,ID by Haiyan Liu,
1066p,168.0291,1.85,"PYRIDINE-2,3-DICARBOXYLATE",C7H5NO4,167.1189,,,
18189p,168.0631,3.65,4-ACETAMIDOBUTANOATE,C6H11NO3,145.15644,M+Na,,
1050p,168.0655,1.98,PYRIDOXAL,C8H9NO3,167.16196,,,
36143p,168.0655,0.88,4-HYDROXY-L-PHENYLGLYCINE,C8H9NO3,167.16196,,,
1669p,168.1019,6.2,3-METHOXYTYRAMINE,C9H13NO2,167.20502,,,
1005p,168.9897,1.06,PHOSPHO(ENOL)PYRUVIC ACID,C3H5O6P,168.041962,,,
1175p,169.03562,1.922,URATE,C5H4N4O3,168.11026,,,
780p,169.0495,6.33,HOMOGENTISATE,C8H8O4,168.14672,,,
72886p,170.0118,0.76,L-CYSTEIC ACID,C3H7NO5S,169.15638,,,
1054p,170.08117,2.9,PYRIDOXINE,C8H11NO3,169.17784,,,
439260p,170.0812,1.03,NORADRENALINE,C8H11NO3,169.17784,,,
64969p,170.0924,0.76,N(PAI)-METHYL-L-HISTIDINE,C7H11N3O2,169.18114,,,
11487p,170.0967,13.7,Diphenylamine,C12H11N,169.22244,,"Kenworthy turf grass samples; HMDB, Metline",
668p,171.0053,0.8,DIHYDROXYACETONE PHOSPHATE,C3H7O6P,170.057842,,,
1081p,171.0264,2.36,CITRAMALATE,C5H8O5,148.11402,M+Na,,
370p,171.036,7.214,Gallic Acid,C7H6O5,170.11954,,ID by Haiyan Liu,
,171.16862,0.93,L-Carnitine (trimethyl-D9),,,,CIL Labeled Carnitine Standards Set B,
IntStd11p,172.10691,6.13,L-Phenylalanine 13C6,*C6H5CH2CH(NH2)COOH,,,Cambridge Isotope Project,
444305p,173.00566,0.915,TARTARIC ACID,C4H6O6,150.08684,M+Na,,
439162p,173.021,0.78,SN-GLYCEROL 3-PHOSPHATE,C3H9O6P,172.073722,,,
10975657p,173.0419,0.73,D-Ribose,C5H10O5,150.1299,[M+Na],Ring Trial,
ISO-07p,173.042,0.79,ALDOPENTOSE,C5H10O5,150.1299,M+Na,,
6849p,174.05473,7.972,6-Quinolincarboxylic Acid,C10H7NO2,173.04768,,Duffy archeology samples - Compound Discoverer,
7124p,174.055,6.98,2-QUINOLINECARBOXYLIC ACID,C10H7NO2,173.16808,,,
70912p,174.1125,7.58,N-ACETYL-L-LEUCINE,C8H15NO3,173.2096,,,
444212p,175.02371,3.467,TRANS-ACONITATE,C6H6O6,174.10824,,,
ISO-08p,175.0577,0.77,C5-SUGAR ALCOHOL ,C5H12O5,152.14578,M+Na,,
397p,175.0866,8.02,INDOLE-3-ACETAMIDE,C10H10N2O,174.1992,,,
10457p,175.0965,7.87,SUBERIC ACID,C8H14O4,174.19436,,,
6322p,175.119,0.74,L-ARGININE,C6H14N4O2,174.20096,,,
6088p,175.123,7.69,N-?-METHYLTRYPTAMINE,C11H14N2,174.24226,,,
65065p,176.0553,1.58,N-ACETYL-L-ASPARTIC ACID,C6H9NO5,175.13936,,,
439918p,176.0666,0.88,N-AMIDINO-L-ASPARTATE,C5H9N3O4,175.14266,,,
440266p,176.0682,1.25,OCTOPAMINE,C8H11NO2,153.17844,M+Na,,
802p,176.0706,9.15,INDOLE-3-ACETATE,C10H9NO2,175.18396,,,
9750p,176.10297,0.809,CITRULLINE,C6H13N3O3,175.18572,,,
2966p,176.118,8.31,Debrisoquine,C10H13N3,175.23032,,Ring Trial,
54670067p,177.03936,2.149,ASCORBATE,C6H8O6,176.12412,,,
5202p,177.1022,6.31,SEROTONIN,C10H12N2O,176.21508,,,
854019p,177.1028,4.8,Cotinine,C10H12N2O,176.21508,,RT old pump?,
6995182p,178.0532,6.46,FORMYL-L-METHIONYL PEPTIDE,C6H11NO3S,177.22144,,,
439498p,179.04849,0.76,CYS-GLY,C5H10N2O3S,178.2095,,,
193653p,180.0325,0.92,S-CARBOXYMETHYL-L-CYSTEINE,C5H9NO4S,179.19426,,,
464p,180.0655,7.32,HIPPURATE,C9H9NO3,179.17266,,,
464p,180.0662,7.93,Hippuric Acid,C9H9NO3,179.17266,,Ring Trial,
ISO-09p,180.0866,0.71,GLUCOSAMINE/MANNOSAMINE,C6H13NO5,179.17112,,,
91588p,180.1015,4.894,Salsolinol,C10H13NO2,179.09428,,Shaddox Samples - Compound Discoverer,
91588p,180.1019,4.87,"1-METHYL-6,7-DIHYDROXY-1,2,3,4-TETRAHYDROISOQUINOLINE",C10H13NO2,179.21572,,,
979p,181.0495,10.46,3-(4-HYDROXYPHENYL)PYRUVATE,C9H8O4,180.15742,,,
1549111p,181.0495,7.64,CAFFEATE,C9H8O4,180.15742,,,
89034p,181.0641,0.74,L-METHIONINE SULFOXIMINE,C5H12N2O3S,180.22538,,,
ISO-10p,181.072,6.71,THEOPHYLLINE/PARAXANTHINE,C7H8N4O2,180.16402,,,
5429p,181.072,6.38,THEOBROMINE,C7H8N4O2,180.16402,,,
8158p,181.1199,11.77,NONANOATE,C9H18O2,158.23802,M+Na,,
6950574p,182.08086,3.403,2-Hydroxyphenylalanine,C9H11NO3,181.07365,,Shaddox Samples - Compound Discoverer,
6057p,182.08117,3.432,L-TYROSINE,C9H11NO3,181.18854,,,
,182.08117,10.05,BOC-L-Tyrosine,C14H19NO5,,,Injection Standard,
3613685p,183.074,12.36,ETHYL 3-UREIDOPROPIONATE,C6H12N2O3,160.17108,M+Na,,
6535p,183.07794,9.294,Triethyl phosphate,C6H15O4P,182.0708,,Shaddox Samples - Compound Discoverer,
6723p,184.0604,5.75,4-PYRIDOXATE,C8H9NO4,183.16136,,,
1014p,184.0733,0.77,PHOSPHOCHOLINE,C5H14NO4P,184.150662,,,
1662p,185.042,3.09,3-HYDROXY-3-METHYLGLUTARATE,C6H10O5,162.1406,M+Na,,
78016p,185.0447,7.198,4-O-Methylgallic Acid,C8H8O5,184.1461,,ID by Haiyan Liu,
106p,186.0162,0.76,O-PHOSPHOSERINE,C3H8NO6P,185.072482,,,
12035p,186.0195,3.36,N-ACETYL-L-CYSTEINE,C5H9NO3S,163.19486,M+Na,,
439278p,187.00022,0.908,L-2-PHOSPHOGLYCERIC ACID,C3H7O7P,186.057242,,,
10250p,187.0226,3.65,"2,4-DIHYDROXYPTERIDINE",C6H4N4O2,164.12156,M+Na,,
ISO-17p,187.0577,0.93,6-DEOXY-HEXOSE,C6H12O5,164.15648,M+Na,,
SF2,188.07061,7.6,Tryptophan-NH3,C11H10NO2,,,Source fragment,
5375048p,188.07074,7.59,Indoleacrylic Acid,C11H9NO2,187.06333,,Shaddox Samples - Compound Discoverer,
IntStd8p,188.10183,3.24,L-Tyrosine 13C6,HO*C6H4CH2CH(NH2)COOH,,,Cambridge Isotope Project,
49937p,189.05615,8.45,1-Hexanesulfonic acid,C6H14O3S,166.06636,[M+Na],,
2266p,189.1121,8.52,AZELAIC ACID,C9H16O4,188.22094,,,
92907p,189.1234,1.11,N-ALPHA-ACETYL-L-LYSINE,C8H16N2O3,188.22424,,,
92843p,189.1235,6.614,Glycyl-L-leucine,C8H16N2O3,188.11609,,Shaddox Samples - Compound Discoverer,
74300p,189.1485,9.16,10-HYDROXYDECANOATE,C10H20O3,188.264,,,
440120p,189.1598,0.75,"NEPSILON,NEPSILON,NEPSILON-TRIMETHYLLYSINE",C9H20N2O2,188.2673,,,
3845p,190.0498,7.66,Kynurenic Acid,C10H7NO3,189.16748,,Ring Trial,
3845p,190.0499,7.17,4-HYDROXY-2-QUINOLINECARBOXYLIC ACID,C10H7NO3,189.16748,,,
185p,190.071,2.32,N-ACETYL-DL-GLUTAMIC ACID,C7H11NO5,189.16594,,,
74706p,190.0863,10.7,METHYL INDOLE-3-ACETATE,C11H11NO2,189.21054,,,
1052p,191.0791,0.82,PYRIDOXAMINE,C8H12N2O2,168.19308,M+Na,,
SF3,191.08944,7.6,"Tryptophan-2,3,3-D3-NH3",C11H7D3NO2,,,Source fragment,
439283p,191.1026,0.69,"LL-2,6-DIAMINOHEPTANEDIOATE",C7H14N2O4,190.19706,,,
105024p,192.0087,1.9,SELENOMETHIONINE,C5H11NO2Se,196.10634,,,
1054p,192.06311,2.99,PYRIDOXINE,C8H11NO3,169.17784,M+Na,,
1826p,192.0655,7.48,5-HYDROXYINDOLEACETATE,C10H9NO3,191.18336,,,
6180p,192.0689,6.7,N-ACETYL-DL-METHIONINE,C7H13NO3S,191.24802,,,
311p,193.03487,2.048,CITRATE,C6H8O7,192.12352,,,
1198p,193.03487,1.206,ISOCITRIC ACID,C6H8O7,192.12352,,,
6508p,193.07066,0.886,QUINATE,C7H12O6,192.16658,,,
439774p,195.0264,1.46,3-DEHYDROSHIKIMATE,C7H8O5,172.13542,M+Na,,
445858p,195.0652,8.49,FERULATE,C10H10O4,194.184,,,
2148p,195.07699,4.74,4-Aminohippuric Acid,C9H10N2O3,194.1873,,,
2519p,195.0877,7.22,CAFFEINE,C8H10N4O2,194.1906,,,
10243p,196.0369,3.71,4-QUINOLINECARBOXYLIC ACID,C10H7NO2,173.16808,M+Na,,
10253p,196.0395,8.066,Hydroxyhippuric acid,C9H9NO4,195.17206,,ID by Haiyan Liu,
444212p,197.00566,3.467,TRANS-ACONITATE,C6H6O6,174.10824,M+Na,,
8742p,197.04204,1.125,SHIKIMATE,C7H10O5,174.1513,M+Na,,
6047p,198.07608,2.361,"3,4-DIHYDROXY-L-PHENYLALANINE",C9H11NO4,197.18794,,,
IntStd5p,198.09827,7.92,Caffeine 13C3,*C3C5H10N4O2,197.168565,,Cambridge Isotope Project,
IntStd2p,198.10704,7.9,Caffeine-D3,C8H7D3N4O2,197.209085,,,
10742p,199.0601,7.3,Syringic Acid,C9H10O5,198.1727,,Kenworthy turf grass samples; mzCloud,
24154p,202.0686,0.69,D-(+)-GALACTOSAMINE,C6H13NO5,179.17112,M+Na,,
ISO-15p,203.0526,0.79,ALDO/KETO-HEXOSE,C6H12O6,180.15588,M+Na,,
1103p,203.223,0.55,SPERMINE,C10H26N4,202.34024,,,
13067p,204.1019,11.3,ETHYL 3-INDOLEACETATE,C12H13NO2,203.23712,,,
439356p,204.1131,6.81,L-TRYPTOPHANAMIDE,C11H13N3O,203.24042,,,
,204.1232,4.013668,Acyl-Carnitine(2:0),,,M+H,K. Dave Brain Tissue - LipidMatch,
7045767p,204.1236,3.9,L-Acetylcarnitine,C9H17NO4,203.23558,,I.Kurland Mouse samples,
92180p,204.1244,7.59,N6-(DELTA2-ISOPENTENYL)-ADENINE,C10H13N5,203.24372,,,
ISO-16p,205.0683,0.75,6C-SUGAR ALCOHOL,C6H14O6,,,,
6305p,205.09715,7.6,Tryptophan,C11H12N2O2,204.22518,,,
,205.09715,11.52,N-BOC-L-Tryptophan,C16H20N2O4,,,Injection Standard,
5699p,206.0453,7.47,Xanthurenic Acid,C10H7NO4,205.16688,,,
863p,206.0668,9.12,LIPOAMIDE,C8H15NOS2,205.3408,,,
1237p,206.0788,2.1,DL-NORMETANEPHRINE,C9H13NO3,183.20442,M+Na,,
439459p,207.049,6.044,Homocitric acid,C7H10O7,206.1501,,ID by Haiyan Liu,
3672p,207.1385,8.2,Ibuprofen,C13H18O2,206.28082,,,
,207.1414,4.72,O-Acetyl-Lcarnitine:HCl (N-methyl-D3),,,,CIL Labeled Carnitine Standards Set B,
74839p,208.0968,8.12,N-ACETYL-L-PHENYLALANINE,C11H13NO3,207.22582,,,
IntStd1p,208.11654,7.6,"Tryptophan-2,3,3-D3",C11H9D3N2O2,207.243665,,,
124844p,208.13281,9.004,"1,3-Benzodioxolyl-N-methylbutanamine (MBDB)",C12H17NO2,207.12593,,Duffy archeology samples - Compound Discoverer,
IntStd6p,209.07329,0.72,D-Glucose 13C6,HO*CH2(*CHOH)4*CHO,,[M+Na],Cambridge Isotope Project,
152432p,209.0787,7.024,5-(Dihydroxyphenyl)-gamma-Valerolactone,C11H12O4,208.21058,,ID by Haiyan Liu,
440743p,209.0914,11.2,Formyl-5-hydroxykynurenamine,C10H12N2O3,208.08479,,Yang - lung cancer cells; HMDB; tentative (no MS/MS confirmation),
161166p,209.09207,6.162,L-KYNURENINE,C10H12N2O3,208.21388,,,
846p,209.0921,6.15,KYNURENINE,C10H12N2O3,208.21388,,,
,212.0899,9,N-BOC-L-Alanine,C8H15NO4,,M+Na,Injection Standard,
9307p,212.0917,6.04,3-METHOXY-L-TYROSINE,C10H13NO4,211.21452,,,
19241p,214.08911,11.926,N-Butylbenzenesulfonamide,C10H15NO2S,213.08235,,Duffy archeology samples - Compound Discoverer,
311p,215.01622,2.048,CITRATE,C6H8O7,192.12352,M+Na,,
1198p,215.01622,1.206,ISOCITRIC ACID,C6H8O7,192.12352,M+Na,,
6508p,215.05261,0.886,QUINATE,C7H12O6,192.16658,M+Na,,
445027p,215.139,7.67,DETHIOBIOTIN,C10H18N2O3,214.26152,,,
IntStd7p,216.13457,7.63,L-Tryptophan 13C11,(*C8H5NH)*CH2*CH(NH2)*COOH,,,Cambridge Isotope Project,
ISO-11p,217.0319,0.78,D-GLUCURONIC ACID/D-GLUCURONOLACTONE/D-(+)-GALACTURONIC ACID,C6H10O7,194.1394,M+Na,,
94214p,217.0683,0.98,METHYL BETA-D-GALACTOSIDE,C7H14O6,194.18246,M+Na,,
67427p,217.1295,1.6,N-Acetyl-Arginine ,C8H16N4O3,216.23764,,,
6490p,217.17938,12.603,Texanol,C12H24O3,216.17211,,Duffy archeology samples - Compound Discoverer,
79034p,217.1798,10.34,OMEGA-HYDROXYDODECANOIC ACID,C12H24O3,216.31716,,,
107738p,218.1392,6.63,Proprionylcarnitine,C10H19NO4,217.26216,,I.Kurland Mouse samples,
ISO-12p,219.0475,0.78,GLUCONIC ACID/D-GULONIC ACID GAMA-LACTONE,C6H12O7,196.15528,M+Na,,
903p,219.1128,7.46,N-ACETYLSEROTONIN,C12H14N2O2,218.25176,,,
6440942p,219.1745,14.332,"3,5-Di-tert-butylbenzaldehyde",C15H22O,218.16707,,Shaddox Samples - Compound Discoverer,
439406p,220.0816,1.95,O-SUCCINYL-L-HOMOSERINE,C8H13NO6,219.19192,,,
6613p,220.1179,6.3,D-PANTOTHENIC ACID,C9H17NO5,219.23498,,,
6613p,220.1179,6.6,Pantothenic Acid,C9H17NO5,219.23498,,,
144p,221.0921,6.18,5-HYDROXY-L-TRYPTOPHAN,C11H12N2O3,220.22458,,,
,221.18,0.85,Dimer of Choline,C5H13NO,,,,
,221.15693,6.68,O-Propionyl_L-carnitine:HCl ,,,,CIL Labeled Carnitine Standards Set B,
439258p,223.0747,0.71,L-CYSTATHIONINE,C7H14N2O4S,222.26206,,,
8575p,223.09599,12.44,Monobutyl phthalate,C12H14O4,222.08921,,Duffy archeology samples - Compound Discoverer,
97750p,225.0733,9.34,DIETHYL 2-METHYL-3-OXOSUCCINATE,C9H14O5,202.20446,M+Na,,
89p,225.087,3.26,3-HYDROXYKYNURENINE,C10H12N2O4,224.21328,,,
10251p,225.09062,14.391,Flavanone,C15H12O2,224.08373,,Shaddox Samples - Compound Discoverer,
1892p,225.09879,7.82,7-(b-Hydroxyethyl)theophylline,C9H12N4O3,224.21658,,,
5281929p,225.1485,11.55,METHYL JASMONATE,C13H20O3,224.2961,,,
65124p,227.0662,6.4,3-NITRO-L-TYROSINE,C9H10N2O5,226.1861,,,
439224p,227.11387,0.751,CARNOSINE,C9H14N4O3,226.23246,,,
13711p,228.0979,2.27,DEOXYCYTIDINE,C9H13N3O4,227.21722,,,
,229.15471,7.232,Leu Pro,C11H20N2O3,228.14739,,Shaddox Samples - Compound Discoverer,
C00199,231.02654,0.71,Ribulose 5-Phosphate,C5H11O8P,230.109802,,Maize project,
,231.0991,1.1,Ergothioneine,C9H15N3O2S,,M+H,DBS brain,
10177002p,232.1549,7.31,Isobutyrylcarnitine,C11H21NO4,231.28874,,I.Kurland Mouse samples,
213144p,232.1549,7.41,Butyrylcarnitine,C11H21NO4,231.28874,,I.Kurland Mouse samples,
33037p,233.0268,0.83,D-SACCHARIC ACID,C6H10O8,210.1388,M+Na,,
896p,233.1285,8.92,MELATONIN,C13H16N2O2,232.27834,,,
,235.17253,7.43,O-Butyryl-L-carnitine:HCl,,,,CIL Labeled Carnitine Standards Set B,
3676p,235.181,8.4,Lidocaine,C14H22N2O,234.33728,,I.Kurland Mouse samples,
910p,237.08711,10.738,Formylkynurenine,C11H12N2O4,236.07971,,Shaddox Samples - Compound Discoverer,
IntStd7p,238.11651,7.63,L-Tryptophan 13C11,(*C8H5NH)*CH2*CH(NH2)*COOH,,[M+Na],Cambridge Isotope Project,
,241.031677,0.68,• L-Cystine,C6H12N2O4S2,240.023852,M+H,Found in neat QC,
112072p,241.1295,0.8,L-ANSERINE,C10H16N4O3,240.25904,,,
ISO-13p,244.07916,0.86,N-ACETYL-HEXOSAMINE,C8H15NO6,221.2078,M+Na,,
6175p,244.0928,1.686,CYTIDINE,C9H13N3O5,243.21662,,,
171548p,245.0954,7.36,BIOTIN,C10H16N2O3S,244.31064,,,
916p,245.2336,0.76,N1-ACETYLSPERMINE,C12H28N4O,244.37692,,,
169235p,246.1705,8.1,Isovalerylcarnitine,C12H23NO4,245.31532,,I.Kurland Mouse samples,
6426903p,246.1705,7.95,Valerylcarnitine,C12H23NO4,245.31532,,I.Kurland Mouse samples,
439917p,247.10772,8.495,N-ACETYL-D-TRYPTOPHAN,C13H14N2O3,246.26186,,,
1051p,248.0319,1.92,PYRIDOXAL 5'-PHOSPHATE,C8H10NO6P,247.141862,,,
,248.1498,5.311221,Acyl-Carnitine(4-OH),,,M+H,K. Dave Brain Tissue - LipidMatch,
1053p,249.0643,13.1,Pyridoxamine 5'-phosphate,C8H13N2O5P,248.172982,,Gurley citrus samples; HMDB,
13712p,251.0638,4.54,DEOXYURIDINE,C9H12N2O5,228.20198,M+Na,,
8559p,251.12715,13.724,Dipropyl phthalate,C14H18O4,250.12051,,Duffy archeology samples - Compound Discoverer,
13730p,252.1091,5.81,2'-DEOXYADENOSINE,C10H13N5O3,251.24192,,,
439182p,252.1091,6.14,5'-DEOXYADENOSINE,C10H13N5O3,251.24192,,,
C00199,253.00838,0.71,Ribulose 5-Phosphate,C5H11O8P,230.109802,[M+Na],Maize project,
439167p,253.0084,0.78,D-RIBOSE 5-PHOSPHATE,C5H11O8P,230.109802,M+Na,,
440744p,253.0808,11.2,5-Hydroxy-N-formylkynurenine,C11H12N2O5,252.07462,,Yang - lung cancer cells; HMDB; tentative (no MS/MS confirmation),
,254.18685,10.9,N-BOC-L-tert-Leucine,C11H21NO4,,M+Na,Injection Standard,
,255.2258,8.11,"O-Isovaleryl-L-carnitine (N,N,N-trimethyl-D9)",,,,CIL Labeled Carnitine Standards Set B,
445638p,255.23117,14.23,Palmitoleic acid,C16H30O2,254.22389,,Duffy archeology samples - Compound Discoverer,
,256.07974,8.6,N-BOC-L-Aspartic Acid,C9H15NO6,,[M+Na],Injection Standard,
71920p,258.1094,0.8,Glycerophosphocholine,C8H20NO6P,257.102823,,Yang - lung cancer cells; HMDB,
7784p,259.18988,14.276,Dibutyl adipate,C14H26O4,258.18311,,Duffy archeology samples - Compound Discoverer,
72361p,260.0435,0.74,D-GLUCOSAMINE 6-SULFATE,C6H13NO8S,259.23432,,,
440997p,260.053,0.71,D-GLUCOSAMINE 6-PHOSPHATE,C6H14NO8P,259.151022,,,
ISO-14p,261.037,0.772,HEXOSE-6-PHOSPHATE,C6H13O9P,260.135782,,,
62551p,261.13058,7.032,PEG n5,C10H22O6,238.1414,[M+Na],Shaddox Samples - Compound Discoverer,
,262.1649,6.611894,Acyl-Carnitine(5-OH),,,M+H,K. Dave Brain Tissue - LipidMatch,
6029p,267.05876,2.899,URIDINE,C9H12N2O6,244.20138,M+Na,,
16219421p,267.0604,5.32,GLYCERALDEHYDE 3-PHOSPHATE DIETHYL ACETAL,C7H17O7P,244.179442,M+Na,,
187790p,268.104,6.01,2'-DEOXYGUANOSINE,C10H13N5O4,267.24132,,,
10100p,269.06219,0.985,Homocystine,C8H16N2O4S2,268.05515,,Shaddox Samples - Compound Discoverer,
6021p,269.08805,5.821,INOSINE,C10H12N4O5,268.22608,,,
5360696p,272.20013,15.651,Dextromethorphan,C12H26N5P,271.19294,,Duffy archeology samples - Compound Discoverer,
69131857p,273.18427,14.559,Galaxolidone,C18H24O2,272.17763,,Duffy archeology samples - Compound Discoverer,
3026p,279.15833,14.732,Dibutyl phthalate,C16H22O4,278.15104,,Shaddox Samples - Compound Discoverer,
6782p,279.2319,14.756,Diisobutylphthalate,C16H22O4,278.15181,,Duffy archeology samples - Compound Discoverer,
7784p,281.17184,14.276,Dibutyl adipate,C14H26O4,258.18311,[M+Na],Duffy archeology samples - Compound Discoverer,
27476p,282.1197,6.15,1-METHYLADENOSINE,C11H15N5O4,281.2679,,,
ISO-18p,283.0189,0.76,GLUCOSE/FRUCTOSE-PHOSPHATE,C6H13O9P,260.135782,M+Na,,
6802p,284.09894,5.955,GUANOSINE,C10H13N5O5,283.24072,,,
64959p,285.083,6.01,XANTHOSINE,C10H12N4O6,284.22548,,,
,288.1212,11.49,BOC-D-Phenylalanine,C14H19NO4,,M+Na,Injection Standard,
11953814p,288.2175,10.35,Octanoylcarnitine,C15H29NO4,287.39506,,I.Kurland Mouse samples,
60961p,268.1045,5.8,ADENOSINE,C10H13N5O4,267.24132,M+Na,,
,291.23499,10.38,O-Octanoyl-L-carnitine:HCl(N-methyl-D3),,,,CIL Labeled Carnitine Standards Set B,
6049p,293.098,2.03,EDTA,C10H16N2O8,292.24264,,Rainey plasma samples,
3117p,297.05756,14.062,Disulfiram,C10H20N2S4,296.05093,,Duffy archeology samples - Compound Discoverer,
439176p,298.09684,6.681,5'-METHYLTHIOADENOSINE,C11H15N5O3S,297.3335,,,
91493p,299.0139,0.82,6-PHOSPHOGLUCONIC ACID,C6H13O10P,276.135182,M+Na,,
,300.2905,13.56985,Sphingosine (d18:1),,,M+H,K. Dave Brain Tissue - LipidMatch,
53477823p,302.2325,10.6,"2,6-Dimethylheptanoyl Carnitine",C16H31NO4,301.4216,,,
91486p,302.3054,12.84,SPHINGANINE,C18H39NO2,301.50776,,,
79050p,303.253,13.89,RAC-GLYCEROL 1-MYRISTATE,C17H34O4,302.44946,,,
,304.11612,10.05,BOC-L-Tyrosine,C14H19NO5,,M+Na,Injection Standard,
444899p,305.24667,14.95,Arachadonic acid,C20H32O2,304.24023,,Duffy archeology samples - Compound Discoverer,
53481030p,306.0486,1.16,"CYTIDINE 2',3'-CYCLIC MONO-PHOS-PHATE",C9H12N3O7P,305.181242,,,
65359p,307.0838,3.8,Glutathione Disulfide,C20H32N6O12S2,612.63108,[M+2H]2+,RT old pump?,
,307.1012,8.3,Starch acetate,,,,Kenworthy turf grass samples - HMDB; Metlin,
13945p,308.06421,1.505,2'-DEOXYCYTIDINE 5'-MONOPHOSPHATE,C9H14N3O7P,307.197122,,,
65063p,309.0482,2.06,2'-DEOXYURIDINE 5'-MONO-PHOS-PHATE,C9H13N2O8P,308.181882,,,
439197p,310.11326,0.857,N-ACETYLNEURAMINATE,C11H19NO9,309.26986,,,
6454895p,311.1113,7.6,E-1-O-Cinnamoyl-beta-D-glucose,C15H18O7,310.29922,,Gurley citrus samples; HMDB,
65104p,313.1552,8.9,Phe-Phe,C18H20N2O3,312.363,,I.Kurland Mouse samples,
10245190p,316.2488,11.56,Decanoylcarnitine,C17H33NO4,315.44822,,I.Kurland Mouse samples,
9700p,323.0639,3.74,THYMIDINE 5'-MONOPHOSPHATE,C10H15N2O8P,322.208462,,,
6131p,324.0591,1.12,CMP,C9H14N3O8P,323.196522,,,
6131p,324.0591,1.61,3'-CMP,C9H14N3O8P,323.196522,,,
6030p,325.04314,1.366,URIDINE-5-MONOPHOSPHATE,C9H13N2O9P,324.181282,,,
,325.1268,8.6,Garcinia lactone dibutyl ester,C14H22O7,302.13655,[M+Na],Gurley citrus samples; HMDB,
,327.1321,11.52,N-BOC-L-Tryptophan,C16H20N2O4,,M+Na,Injection Standard,
444899p,327.22864,14.95,Arachadonic acid,C20H32O2,304.24023,[M+Na],Duffy archeology samples - Compound Discoverer,
ISO-19p,330.0598,5.84,ADENOSINE-CYCLIC MONOPHOSPHATE,C10H12N5O6P,329.205942,,,
124886p,330.0736,1.7,Glutathione,C10H17N3O6S,307.32348,[M+Na],RT old pump?,
6777p,331.18961,15.731,Dicyclohexyl phthalate,C20H26O4,330.18221,,Duffy archeology samples - Compound Discoverer,
5282965p,331.24756,13.886,Trihydroxy octadecenoic acid,C18H34O5,330.24073,,Shaddox Samples - Compound Discoverer,
12599p,332.07545,2.752,DAMP,C10H14N5O6P,331.221822,,,
14180p,335.06388,1.169,NICOTINAMIDE MONONUCLEOTIDE,C11H15N2O8P,334.219162,,,
5365371p,338.34338,16.915,Erucamide,C22H43NO,337.33447,,Shaddox Samples - Compound Discoverer,
65110p,339.07,1.58,5-AMINOIMIDAZOLE-4-CARBOXAMIDE-1-BETA-D-RIBOFURANOSYL 5'-MONOPHOSPHATE,C9H15N4O8P,338.21,,,
89272p,343.1532,14.555,Dipropyleneglycol dibenzoate,C20H22O5,342.14672,,Duffy archeology samples - Compound Discoverer,
168381p,344.2795,12.06,LAUROYLCARNITINE,C19H37NO4,343.50138,,,
168381p,344.2801,12.71,Dodecanoylcarnitine,C19H37NO4,343.50138,,I.Kurland Mouse samples,
9700p,345.0458,3.74,THYMIDINE 5'-MONOPHOSPHATE,C10H15N2O8P,322.208462,M+Na,,
1131p,345.0781,0.98,THIAMINE MONOPHOSPHATE,C12H17N4O4PS,344.326542,,,
24316p,346.0547,5.99,"GUANOSINE 3',5'-CYCLIC MONOPHOSPHATE",C10H12N5O7P,345.205342,,,
4485p,347.1242,12.22,Nifedipine,C17H18N2O6,346.33462,,Ring Trial,
5753p,347.2217,9.89,CORTICOSTERONE,C21H30O4,346.4605,,,
53477676p,347.2217,10.11,REICHSTEIN'S SUBSTANCE S,C21H30O4,346.4605,,,
6083p,348.0704,1.77,ADENOSINE 5'-MONOPHOSPHATE,C10H14N5O7P,347.221222,,,
65059p,348.0704,3.42,2'-DEOXYGUANOSINE 5'-MONOPHOSPHATE,C10H14N5O7P,347.221222,,,
8582p,349.05438,2.111,INOSINE 5'-MONOPHOSPHATE,C10H13N4O8P,348.205982,,,
,357.2776,12.3,Chenodeoxycholic Acid (CDCA),C24H40O4,392.572,M+H-2H2O,Bile Acid Standard - verified Metlin/HMDB,
,357.2777,12.42,Deoxycholic Acid (DCA),C24H40O4,392.572,M+H-2H2O,Bile Acid Standard - verified Metlin/HMDB,
,357.2777,11.55,Ursodeoxycholic Acid (UDCA),C24H40O4,392.572,M+H-2H2O,Bile Acid Standard - verified Metlin/HMDB,
6439582p,357.279,12.4,Tetracosahexaenoic acid,C24H36O2,356.54144,,Ring Trial,
152430p,359.1124,13,"4'-Hydroxy-5,6,7,8-tetramethoxyflavone",C19H18O7,358.105255,,Gurley citrus samples; HMDB,
,359.2932,14.1,Lithocholic Acid (LCA),C24H40O3,376.5726,M+H-H2O,Bile Acid Standard - verified Metlin/HMDB,
222786p,361.201,9.35,CORTISONE,C21H28O5,360.44402,,,
149096p,362.1503,8.59,Levofloxacin,C18H20FN3O4,361.367503,,Ring Trial,
172313p,362.98527,1.378,"FRUCTOSE 1,6-BIPHOSPHATE",C6H14O12P2,340.115684,M+Na,,
638678p,363.1775,5.82,THYROTROPIN RELEASING HORMONE,C16H22N6O4,362.38368,,,
657311p,363.2166,9.15,CORTISOL,C21H30O5,362.4599,,,
6804p,364.0653,2.12,GUANOSINE 5'-MONOPHOSPHATE,C10H14N5O8P,363.220622,,,
73323p,365.0493,2.43,XANTHOSINE 5'-MONOPHOSPHATE,C10H13N4O9P,364.205382,,,
ISO-20p,365.1054,0.83,HEXOSE-DISACCHARIDE,C12H22O11,,,,
5533p,372.1584,9.97,Trazodone,C19H22ClN5O,371.86388,,Ring Trial,
6426854p,372.3114,13.92,Myristoylcarnitine,C21H41NO4,371.55454,,I.Kurland Mouse samples,
5952p,373.2373,12.41,DEOXYCORTICOSTERONE ACETATE,C23H32O4,372.49778,,,
,373.2722,11.2,Cholic Acid,C24H40O5,408.5714,M+H-2H2O,Bile Acid Standard - verified Metlin/HMDB,
,375.2877,12.3,Chenodeoxycholic Acid (CDCA),C24H40O4,392.572,M+H-H2O,Bile Acid Standard - verified Metlin/HMDB,
,375.2883,12.42,Deoxycholic Acid (DCA),C24H40O4,392.572,M+H-H2O,Bile Acid Standard - verified Metlin/HMDB,
,375.2883,11.55,Ursodeoxycholic Acid (UDCA),C24H40O4,392.572,M+H-H2O,Bile Acid Standard - verified Metlin/HMDB,
5283906p,375.28888,12.438,3-Oxo-5-beta-cholanate,C24H38O3,374.282209,,Shaddox Samples - Compound Discoverer,
493570p,377.1456,7.9,RIBOFLAVIN,C17H20N4O6,376.3639,,,
,381.36633,14.14,"O-Myristol-L-carnitine:HCl(N,N,N-trimethyl-D9)",,,,CIL Labeled Carnitine Standards Set B,
439155p,385.1289,4.83,S-(5'-ADENOSYL)-L-HOMOCYSTEINE,C14H20N6O5S,384.4108,,,
,391.2827,11.2,Cholic Acid,C24H40O5,408.5714,M+H-H2O,Bile Acid Standard - verified Metlin/HMDB,
8343p,391.28293,16.789,Bis(2-ethylhexyl) phthalate,C24H38O4,390.27585,,Shaddox Samples - Compound Discoverer,
97536p,392.185,8.6,S-HEXYL-GLUTATHIONE,C16H29N3O6S,391.48296,,,
34755p,399.1445,0.91,S-(5'-ADENOSYL)-L-METHIONINE,C15H22N6O5S,398.44,,,
11953816p,400.3427,16.91,Palmitoylcarnitine,C23H45NO4,399.6077,,,
,403.35592,15.73,O-Palmytoyl-L-carnitine:HCl ( N-methyl-D3),,,,CIL Labeled Carnitine Standards Set B,
5744p,405.2272,10.46,CORTISOL 21-ACETATE,C23H32O6,404.49658,,,
,409.2056,6.751545,MGDG (2:0_7:0),,,M+H,Rice Cell Media - LipidMatch,
,414.2986,10.67,Glycoursodeoxycholic acid (G-UDCA),C26H43NO5,449.6233,M+H-2H2O,Bile Acid Standard - verified Metlin/HMDB,
,414.2986,11.5,Glycodeoxycholic acid (GDCA),C26H43NO5,449.6233,M+H-2H2O,Bile Acid Standard - verified Metlin/HMDB,
,414.2992,11.35,Chenodeoxycholyglycine (GCDCA),C26H43NO7,449.6233,M+H-2H2O,Bile Acid Standard - verified Metlin/HMDB,
179108p,415.1585,8.3,Ptelatoside A,C19H26O10,414.40374,,Kenworthy turf grass samples - HMDB; Metlin,
73303p,421.1224,11.44,Doripenem,C15H24N4O6S2,420.50426,,Ring Trial,
,426.3197,11.2,Cholic Acid,C24H40O5,408.5714,M+NH4,Bile Acid Standard - verified Metlin/HMDB,
,430.2937,10.5,Glycocholic Acid (GCA),C26H43NO6,465.6227,M+H-2H2O,Bile Acid Standard - verified Metlin/HMDB,
221493p,431.2768,10.37,CHOLATE,C24H40O5,408.5714,M+Na,,
,432.3093,10.67,Glycoursodeoxycholic acid (G-UDCA),C26H43NO5,449.6233,M+H-H2O,Bile Acid Standard - verified Metlin/HMDB,
,432.3093,11.5,Glycodeoxycholic acid (GDCA),C26H43NO5,449.6233,M+H-H2O,Bile Acid Standard - verified Metlin/HMDB,
,432.3099,11.35,Chenodeoxycholyglycine (GCDCA),C26H43NO6,449.6233,M+H-H2O,Bile Acid Standard - verified Metlin/HMDB,
9305p,433.8745,7.52,"3,5-DIIODO-L-TYROSINE",C9H9I2NO3,432.9816,,,
,440.2498,8.424253,MGDG (7:0_3:0),,,M+NH4,Rice Cell Media - LipidMatch,
,448.3042,10.5,Glycocholic Acid (GCA),C26H43NO6,465.6227,M+H-H2O,Bile Acid Standard - verified Metlin/HMDB,
,450.32,10.67,Glycoursodeoxycholic acid (G-UDCA),C26H43NO5,449.6233,M+H,Bile Acid Standard - verified Metlin/HMDB,
,450.3201,11.35,Chenodeoxycholyglycine (GCDCA),C26H43NO5,449.6233,M+H,Bile Acid Standard - verified Metlin/HMDB,
,450.32194,11.5,Glycodeoxycholic acid (GDCA),C26H43NO5,449.6233,M+H,Bile Acid Standard - verified Metlin/HMDB,
,464.2813,10.55,Taurochenodesoxycholic acid (T-CDCA),C26H45NO6S,499.704,M+H-2H2O,Bile Acid Standard - verified Metlin/HMDB,
,464.2816,10.69,Taurodeoxycholic Acid (T-DCA),C26H45NO6S,499.704,M+H-2H2O,Bile Acid Standard - verified Metlin/HMDB,
,464.2816,9.96,Tauroursodeoxycholic acid (T-UDCA),C26H45NO6S,499.704,M+H-2H2O,Bile Acid Standard - verified Metlin/HMDB,
,466.2971,11.55,Taurolithocholic acid (T-LCA),C26H45NO5S,483.30184,M+H-H2O,Bile Acid Standard - verified Metlin/HMDB,
,466.3148,10.5,Glycocholic Acid (GCA),C26H43NO6,465.6227,M+H,Bile Acid Standard - verified Metlin/HMDB,
10140p,466.3163,9.72,GLYCOCHOLATE,C26H43NO6,465.62272,,,
,472.302,10.67,Glycoursodeoxycholic acid (G-UDCA),C26H43NO5,449.6233,M+Na,Bile Acid Standard - verified Metlin/HMDB,
,472.302,11.5,Glycodeoxycholic acid (GDCA),C26H43NO5,449.6233,M+Na,Bile Acid Standard - verified Metlin/HMDB,
,480.2769,9.9,Taurocholic acid (TCA),C26H45NO7S,515.703,M+H-2H2O,Bile Acid Standard - verified Metlin/HMDB,
9547071p,480.309,13.65,LysoPE (18:1),C23H46NO7P,479.587602,,,
,482.2918,10.55,Taurochenodesoxycholic acid (T-CDCA),C26H45NO6S,499.704,M+H-H2O,Bile Acid Standard - verified Metlin/HMDB,
,482.2921,10.69,Taurodeoxycholic Acid (T-DCA),C26H45NO6S,499.704,M+H-H2O,Bile Acid Standard - verified Metlin/HMDB,
,482.2921,9.96,Tauroursodeoxycholic acid (T-UDCA),C26H45NO6S,499.704,M+H-H2O,Bile Acid Standard - verified Metlin/HMDB,
,482.3243,14.52113,LysoPE (18:0),,,M+H,K. Dave Brain Tissue - LipidMatch,
,483.34313,10.5,Glycocholic Acid (GCA),C26H43NO6,465.6227,M+NH4,Bile Acid Standard - verified Metlin/HMDB,
,484.3076,11.55,Taurolithocholic acid (T-LCA),C26H45NO5S,483.30184,M+H,Bile Acid Standard - verified Metlin/HMDB,
439763p,484.3091,11.09,TAUROLITHOCHOLATE,C26H45NO5S,483.7042,,,
,488.2965,10.5,Glycocholic Acid (GCA),C26H43NO6,465.6227,M+Na,Bile Acid Standard - verified Metlin/HMDB,
13804p,489.1146,0.98,CYTIDINE 5'-DIPHOSPHOCHOLINE,C14H26N4O11P2,488.323964,,,
24779461p,494.3247,12.8,LysoPC (16:1),C24H48NO7P,493.614182,,,
460602p,496.3403,13.5,LysoPC (16:0),C24H50NO7P,495.630062,,,
,498.2869,9.9,Taurocholic acid (TCA),C26H45NO7S,515.703,M+H-H2O,Bile Acid Standard - verified Metlin/HMDB,
,500.3023,9.96,Tauroursodeoxycholic acid (T-UDCA),C26H45NO6S,499.704,M+H,Bile Acid Standard - verified Metlin/HMDB,
,500.3023,10.55,Taurochenodesoxycholic acid (T-CDCA),C26H45NO6S,499.704,M+H,Bile Acid Standard - verified Metlin/HMDB,
,500.3024,10.69,Taurodeoxycholic Acid (T-DCA),C26H45NO6S,499.704,M+H,Bile Acid Standard - verified Metlin/HMDB,
,501.3341,11.55,Taurolithocholic acid (T-LCA),C26H45NO5S,483.30184,M+NH4,Bile Acid Standard - verified Metlin/HMDB,
,502.2926,12.89718,LysoPE (20:4),,,M+H,Yang/Moffitt Lung Cancer Cells - LipidMatch,
,504.2618,10.5,Glycocholic Acid (GCA),C26H43NO6,465.6227,M+K,Bile Acid Standard - verified Metlin/HMDB,
,504.304,14.52288,LysoPE (18:0),,,M+Na,K. Dave Brain Tissue - LipidMatch,
,506.2897,11.55,Taurolithocholic acid (T-LCA),C26H45NO5S,483.30184,M+Na,Bile Acid Standard - verified Metlin/HMDB,
,510.279,10.5,Glycocholic Acid (GCA),C26H43NO6,465.6227,M+2Na,Bile Acid Standard - verified Metlin/HMDB,
,516.2979,9.9,Taurocholic acid (TCA),C26H45NO7S,515.703,M+H,Bile Acid Standard - verified Metlin/HMDB,
6675p,516.29953,10.08,Taurocholic acid,C26H45NO7S,515.703,,,
,517.3291,10.69,Taurodeoxycholic Acid (T-DCA),C26H45NO6S,499.704,M+NH4,Bile Acid Standard - verified Metlin/HMDB,
,517.3291,9.96,Tauroursodeoxycholic acid (T-UDCA),C26H45NO6S,499.704,M+NH4,Bile Acid Standard - verified Metlin/HMDB,
,517.3293,10.55,Taurochenodesoxycholic acid (T-CDCA),C26H45NO6S,499.704,M+NH4,Bile Acid Standard - verified Metlin/HMDB,
,518.3221,13.61097,LysoPC (16:0),,,M+Na,K. Dave Brain Tissue - LipidMatch,
,520.3417,13.01725,LysoPC (18:2),,,M+H,K. Dave Brain Tissue - LipidMatch,
,522.2546,11.55,Taurolithocholic acid (T-LCA),C26H45NO5S,483.30184,M+K,Bile Acid Standard - verified Metlin/HMDB,
,522.2844,10.69,Taurodeoxycholic Acid (T-DCA),C26H45NO6S,499.704,M+Na,Bile Acid Standard - verified Metlin/HMDB,
,522.2844,9.96,Tauroursodeoxycholic acid (T-UDCA),C26H45NO6S,499.704,M+Na,Bile Acid Standard - verified Metlin/HMDB,
,522.3579,13.64035,LysoPC (18:1),,,M+H,K. Dave Brain Tissue - LipidMatch,
,524.3716,14.6,LysoPC (18:0),C26H54NO7P,523.3637896,,,
,524.3731,14.7904,LysoPC (18:0),,,M+H,K. Dave Brain Tissue - LipidMatch,
92859p,525.9007,8.94,"3,5-DIIODO-L-THYRONINE",C15H13I2NO4,525.07696,,,
,526.2927,12.9221,LysoPE (22:6),,,M+H,K. Dave Brain Tissue - LipidMatch,
439242p,527.1583,1.01,D-(+)-RAFFINOSE,C18H32O16,504.43708,M+Na,,
,530.3238,13.54733,LysoPE (22:4),,,M+H,K. Dave Brain Tissue - LipidMatch,
,533.3238,9.9,Taurocholic acid (TCA),C26H45NO7S,515.703,M+NH4,Bile Acid Standard - verified Metlin/HMDB,
,538.2493,10.69,Taurodeoxycholic Acid (T-DCA),C26H45NO6S,499.704,M+K,Bile Acid Standard - verified Metlin/HMDB,
,538.2493,9.96,Tauroursodeoxycholic acid (T-UDCA),C26H45NO6S,499.704,M+K,Bile Acid Standard - verified Metlin/HMDB,
,538.2498,10.55,Taurochenodesoxycholic acid (T-CDCA),C26H45NO6S,499.704,M+K,Bile Acid Standard - verified Metlin/HMDB,
,538.2796,9.9,Taurocholic acid (TCA),C26H45NO7S,515.703,M+Na,Bile Acid Standard - verified Metlin/HMDB,
6675p,538.28148,10.08,Taurocholic acid,C26H45NO7S,515.703,[M+Na],,
123847p,542.0681,3.2,Cyclic-ADP Ribose,C15H21N5O13P2,541.300464,,Rice Samples,
,544.339,13.64269,LysoPC (20:4),,,M+H,K. Dave Brain Tissue - LipidMatch,
,548.2947,14.02922,"OxLysoPC (18:4(OO))/OxLysoPC (18:3(Ke, OH))/OxoLysoPC (16:1(OO))/OxPC (18:2)",,,M+H/M+H/M+Na/M+H,K. Dave Brain Tissue - LipidMatch,
,554.2445,9.9,Taurocholic acid (TCA),C26H45NO7S,515.703,M+K,Bile Acid Standard - verified Metlin/HMDB,
,554.2801,9.28538,OxLysoPC (18:4(OH))/OxLysoPC (18:3(Ke)),,,M+Na/M+Na,Rice Cell Media - LipidMatch,
445794p,560.079,1.82,ADENOSINE 5'-DIPHOSPHORIBOSE,C15H23N5O14P2,559.315744,,,
,568.3424,13.03635,LysoPC (22:6),,,M+H,K. Dave Brain Tissue - LipidMatch,
,588.2982,7.004342,OxPC (20:3(KeKe)),,,M+H,Rice Cell Media - LipidMatch,
16500p,590.0895,1.68,ADENOSINE-5'-DIPHOSPHOGLUCOSE,C16H25N5O15P2,573.342324,M+Na,,
65359p,613.1598,3.8,Glutathione Disulfide,C20H32N6O12S2,612.63108,,RT old pump?,
644280p,651.7973,9.65,"3,3',5'-TRIIODOTHYRONINE",C15H12I3NO4,650.97349,,,
,652.4024,8.68763,MGDG (22:6_4:0),,,M+NH4,Rice Cell Media - LipidMatch,
5893p,664.1164,3.638,NAD,C21H27N7O14P2,663.425104,,,
439531p,689.2111,0.96,STACHYOSE,C24H42O21,666.57768,M+Na,,
,734.3612,8.680635,"OxPe (20:5(OO)_11:1(CHO))/OxPE (20:5(Ke)_11:0(COOH))/OxPE (17:2(Ke,OH)_14:3(CHO))/OxPE (20:4(Ke,OH)_11:1(CHO))",,,M+Na/M+Na/M+Na/M+Na,Rice Cell Media - LipidMatch,
,760.5867,16.80295,PC (34:1),,,M+H,Yang/Moffitt Lung Cancer Cells - LipidMatch,
,785.5906,12.3,Dimer of Chenodeoxycholic Acid (CDCA),C24H40O4,392.572,Dimer,Bile Acid Standard - verified Metlin/HMDB,
,817.5801,11.2,Dimer of Cholic Acid,C24H40O5,408.5714,Dimer,Bile Acid Standard - verified Metlin/HMDB,
3730p,821.8882,6.57,Iohexol,C19H26I3N3O9,821.13785,,,
,899.6343,11.35,Dimer of Chenodeoxycholyglycine (GCDCA),C26H43NO8,449.6233,Dimer,Bile Acid Standard - verified Metlin/HMDB,
,899.6355,10.67,Dimer of Glycoursodeoxycholic acid (G-UDCA),C26H43NO5,449.6233,Dimer,Bile Acid Standard - verified Metlin/HMDB,
,899.6355,11.5,Dimer of Glycodeoxycholic acid (GDCA),C26H43NO5,449.6233,Dimer,Bile Acid Standard - verified Metlin/HMDB,
,931.6214,10.5,Dimer of Glycocholic Acid (GCA),C26H43NO6,465.6227,Dimer,Bile Acid Standard - verified Metlin/HMDB,
,967.6097,11.55,Dimer of Taurolithocholic acid (T-LCA),C26H45NO5S,483.30184,Dimer,Bile Acid Standard - verified Metlin/HMDB,
,999.5997,10.55,Dimer of Taurochenodesoxycholic acid (T-CDCA),C26H45NO6S,499.704,Dimer,Bile Acid Standard - verified Metlin/HMDB,
C00378,265.1115417,1.2,THIAMINE,C12H16N4OS,,,Vitamin Standard,
,219.0474091,0.72,GLUCONIC/GALACTONIC ACID,C6H12O7,,,Vitamin Standard,
C01181,146.1181,1.2,BUTYROBETAINE,C7H15NO2,,,MS2 confirmed,TG added
